Workbook

Sheet 全部
A1: 序号 | B1: 学校名称 | C1: 主管部门 | D1: 省份 | E1: 城市 | F1: 985 | G1: 211 | H1: 双一流 | I1: 类型 | J1: 层次 | K1: 性质
A2: 1 | B2: 北京大学 | C2: =VLOOKUP(B2,教育部大学名单!$B$1:$D$2920,3,FALSE) -> 教育部 | D2: 北京 | E2: 北京 | F2: =IFERROR(VLOOKUP(B2,'985'!$B$2:$D$40,3,FALSE),"") -> 985 | G2: =IFERROR(VLOOKUP(B2,'211'!$B$2:$D$116,3,FALSE),"") -> 211 | H2: =IFERROR(VLOOKUP(B2,双一流!$B$2:$D$148,3,FALSE),"") -> 双一流 | I2: =IFERROR(VLOOKUP(B2,汇总!$B$2:$I$2921,8,FALSE),"") -> 综合 | J2: 本科 | K2: 公办
A3: 2 | B3: 中国人民大学 | C3: =VLOOKUP(B3,教育部大学名单!$B$1:$D$2920,3,FALSE) -> 教育部 | D3: 北京 | E3: 北京 | F3: =IFERROR(VLOOKUP(B3,'985'!$B$2:$D$40,3,FALSE),"") -> 985 | G3: =IFERROR(VLOOKUP(B3,'211'!$B$2:$D$116,3,FALSE),"") -> 211 | H3: =IFERROR(VLOOKUP(B3,双一流!$B$2:$D$148,3,FALSE),"") -> 双一流 | I3: =IFERROR(VLOOKUP(B3,汇总!$B$2:$I$2921,8,FALSE),"") -> 综合 | J3: 本科 | K3: 公办
A4: 3 | B4: 清华大学 | C4: =VLOOKUP(B4,教育部大学名单!$B$1:$D$2920,3,FALSE) -> 教育部 | D4: 北京 | E4: 北京 | F4: =IFERROR(VLOOKUP(B4,'985'!$B$2:$D$40,3,FALSE),"") -> 985 | G4: =IFERROR(VLOOKUP(B4,'211'!$B$2:$D$116,3,FALSE),"") -> 211 | H4: =IFERROR(VLOOKUP(B4,双一流!$B$2:$D$148,3,FALSE),"") -> 双一流 | I4: =IFERROR(VLOOKUP(B4,汇总!$B$2:$I$2921,8,FALSE),"") -> 综合 | J4: 本科 | K4: 公办
A5: 4 | B5: 北京交通大学 | C5: =VLOOKUP(B5,教育部大学名单!$B$1:$D$2920,3,FALSE) -> 教育部 | D5: 北京 | E5: 北京 | F5: =IFERROR(VLOOKUP(B5,'985'!$B$2:$D$40,3,FALSE),"") | G5: =IFERROR(VLOOKUP(B5,'211'!$B$2:$D$116,3,FALSE),"") -> 211 | H5: =IFERROR(VLOOKUP(B5,双一流!$B$2:$D$148,3,FALSE),"") -> 双一流 | I5: =IFERROR(VLOOKUP(B5,汇总!$B$2:$I$2921,8,FALSE),"") -> 理工 | J5: 本科 | K5: 公办
A6: 5 | B6: 北京工业大学 | C6: =VLOOKUP(B6,教育部大学名单!$B$1:$D$2920,3,FALSE) -> 北京市 | D6: 北京 | E6: 北京 | F6: =IFERROR(VLOOKUP(B6,'985'!$B$2:$D$40,3,FALSE),"") | G6: =IFERROR(VLOOKUP(B6,'211'!$B$2:$D$116,3,FALSE),"") -> 211 | H6: =IFERROR(VLOOKUP(B6,双一流!$B$2:$D$148,3,FALSE),"") -> 双一流 | I6: =IFERROR(VLOOKUP(B6,汇总!$B$2:$I$2921,8,FALSE),"") -> 理工 | J6: 本科 | K6: 公办
A7: 6 | B7: 北京航空航天大学 | C7: =VLOOKUP(B7,教育部大学名单!$B$1:$D$2920,3,FALSE) -> 工业和信息化部 | D7: 北京 | E7: 北京 | F7: =IFERROR(VLOOKUP(B7,'985'!$B$2:$D$40,3,FALSE),"") -> 985 | G7: =IFERROR(VLOOKUP(B7,'211'!$B$2:$D$116,3,FALSE),"") -> 211 | H7: =IFERROR(VLOOKUP(B7,双一流!$B$2:$D$148,3,FALSE),"") -> 双一流 | I7: =IFERROR(VLOOKUP(B7,汇总!$B$2:$I$2921,8,FALSE),"") -> 理工 | J7: 本科 | K7: 公办
A8: 7 | B8: 北京理工大学 | C8: =VLOOKUP(B8,教育部大学名单!$B$1:$D$2920,3,FALSE) -> 工业和信息化部 | D8: 北京 | E8: 北京 | F8: =IFERROR(VLOOKUP(B8,'985'!$B$2:$D$40,3,FALSE),"") -> 985 | G8: =IFERROR(VLOOKUP(B8,'211'!$B$2:$D$116,3,FALSE),"") -> 211 | H8: =IFERROR(VLOOKUP(B8,双一流!$B$2:$D$148,3,FALSE),"") -> 双一流 | I8: =IFERROR(VLOOKUP(B8,汇总!$B$2:$I$2921,8,FALSE),"") -> 理工 | J8: 本科 | K8: 公办
A9: 8 | B9: 北京科技大学 | C9: =VLOOKUP(B9,教育部大学名单!$B$1:$D$2920,3,FALSE) -> 教育部 | D9: 北京 | E9: 北京 | F9: =IFERROR(VLOOKUP(B9,'985'!$B$2:$D$40,3,FALSE),"") | G9: =IFERROR(VLOOKUP(B9,'211'!$B$2:$D$116,3,FALSE),"") -> 211 | H9: =IFERROR(VLOOKUP(B9,双一流!$B$2:$D$148,3,FALSE),"") -> 双一流 | I9: =IFERROR(VLOOKUP(B9,汇总!$B$2:$I$2921,8,FALSE),"") -> 理工 | J9: 本科 | K9: 公办
A10: 9 | B10: 北方工业大学 | C10: =VLOOKUP(B10,教育部大学名单!$B$1:$D$2920,3,FALSE) -> 北京市 | D10: 北京 | E10: 北京 | F10: =IFERROR(VLOOKUP(B10,'985'!$B$2:$D$40,3,FALSE),"") | G10: =IFERROR(VLOOKUP(B10,'211'!$B$2:$D$116,3,FALSE),"") | H10: =IFERROR(VLOOKUP(B10,双一流!$B$2:$D$148,3,FALSE),"") | I10: =IFERROR(VLOOKUP(B10,汇总!$B$2:$I$2921,8,FALSE),"") -> 理工 | J10: 本科 | K10: 公办
A11: 10 | B11: 北京化工大学 | C11: =VLOOKUP(B11,教育部大学名单!$B$1:$D$2920,3,FALSE) -> 教育部 | D11: 北京 | E11: 北京 | F11: =IFERROR(VLOOKUP(B11,'985'!$B$2:$D$40,3,FALSE),"") | G11: =IFERROR(VLOOKUP(B11,'211'!$B$2:$D$116,3,FALSE),"") -> 211 | H11: =IFERROR(VLOOKUP(B11,双一流!$B$2:$D$148,3,FALSE),"") -> 双一流 | I11: =IFERROR(VLOOKUP(B11,汇总!$B$2:$I$2921,8,FALSE),"") -> 理工 | J11: 本科 | K11: 公办
A12: 11 | B12: 北京工商大学 | C12: =VLOOKUP(B12,教育部大学名单!$B$1:$D$2920,3,FALSE) -> 北京市 | D12: 北京 | E12: 北京 | F12: =IFERROR(VLOOKUP(B12,'985'!$B$2:$D$40,3,FALSE),"") | G12: =IFERROR(VLOOKUP(B12,'211'!$B$2:$D$116,3,FALSE),"") | H12: =IFERROR(VLOOKUP(B12,双一流!$B$2:$D$148,3,FALSE),"") | I12: =IFERROR(VLOOKUP(B12,汇总!$B$2:$I$2921,8,FALSE),"") -> 财经 | J12: 本科 | K12: 公办
A13: 12 | B13: 北京服装学院 | C13: =VLOOKUP(B13,教育部大学名单!$B$1:$D$2920,3,FALSE) -> 北京市 | D13: 北京 | E13: 北京 | F13: =IFERROR(VLOOKUP(B13,'985'!$B$2:$D$40,3,FALSE),"") | G13: =IFERROR(VLOOKUP(B13,'211'!$B$2:$D$116,3,FALSE),"") | H13: =IFERROR(VLOOKUP(B13,双一流!$B$2:$D$148,3,FALSE),"") | I13: =IFERROR(VLOOKUP(B13,汇总!$B$2:$I$2921,8,FALSE),"") -> 艺术 | J13: 本科 | K13: 公办
... A2491: 2490 | B2491: 双河职业技术学院 | C2491: =VLOOKUP(B2491,教育部大学名单!$B$1:$D$2920,3,FALSE) -> 新疆生产建设兵团 | D2491: 新疆 | E2491: 双河 | F2491: =IFERROR(VLOOKUP(B2491,'985'!$B$2:$D$40,3,FALSE),"") | G2491: =IFERROR(VLOOKUP(B2491,'211'!$B$2:$D$116,3,FALSE),"") | H2491: =IFERROR(VLOOKUP(B2491,双一流!$B$2:$D$148,3,FALSE),"") | I2491: =IFERROR(VLOOKUP(B2491,汇总!$B$2:$I$2921,8,FALSE),"") -> 0 | J2491: 专科 | K2491: 公办
A2492: 2491 | B2492: 江西电子信息职业技术学院 | C2492: =VLOOKUP(B2492,教育部大学名单!$B$1:$D$2920,3,FALSE) -> 江西省 | D2492: 江西 | F2492: =IFERROR(VLOOKUP(B2492,'985'!$B$2:$D$40,3,FALSE),"") | G2492: =IFERROR(VLOOKUP(B2492,'211'!$B$2:$D$116,3,FALSE),"") | H2492: =IFERROR(VLOOKUP(B2492,双一流!$B$2:$D$148,3,FALSE),"") | I2492: =IFERROR(VLOOKUP(B2492,汇总!$B$2:$I$2921,8,FALSE),"") | J2492: 专科 | K2492: 公办
A2493: 2492 | B2493: 四平现代职业学院 | C2493: =VLOOKUP(B2493,教育部大学名单!$B$1:$D$2920,3,FALSE) -> 吉林省 | D2493: 吉林 | E2493: 四平 | F2493: =IFERROR(VLOOKUP(B2493,'985'!$B$2:$D$40,3,FALSE),"") | G2493: =IFERROR(VLOOKUP(B2493,'211'!$B$2:$D$116,3,FALSE),"") | H2493: =IFERROR(VLOOKUP(B2493,双一流!$B$2:$D$148,3,FALSE),"") | I2493: =IFERROR(VLOOKUP(B2493,汇总!$B$2:$I$2921,8,FALSE),"") | J2493: 专科 | K2493: 公办
A2494: 2493 | B2494: 常州铁道职业技术学院 | C2494: =VLOOKUP(B2494,教育部大学名单!$B$1:$D$2920,3,FALSE) -> 江苏省 | D2494: 江苏 | E2494: 常州 | F2494: =IFERROR(VLOOKUP(B2494,'985'!$B$2:$D$40,3,FALSE),"") | G2494: =IFERROR(VLOOKUP(B2494,'211'!$B$2:$D$116,3,FALSE),"") | H2494: =IFERROR(VLOOKUP(B2494,双一流!$B$2:$D$148,3,FALSE),"") | I2494: =IFERROR(VLOOKUP(B2494,汇总!$B$2:$I$2921,8,FALSE),"") | J2494: 专科 | K2494: 公办
A2495: 2494 | B2495: 苏州旅游职业学院 | C2495: =VLOOKUP(B2495,教育部大学名单!$B$1:$D$2920,3,FALSE) -> 江苏省 | D2495: 江苏 | E2495: 苏州 | F2495: =IFERROR(VLOOKUP(B2495,'985'!$B$2:$D$40,3,FALSE),"") | G2495: =IFERROR(VLOOKUP(B2495,'211'!$B$2:$D$116,3,FALSE),"") | H2495: =IFERROR(VLOOKUP(B2495,双一流!$B$2:$D$148,3,FALSE),"") | I2495: =IFERROR(VLOOKUP(B2495,汇总!$B$2:$I$2921,8,FALSE),"") | J2495: 专科 | K2495: 公办
A2496: 2495 | B2496: 南通卫生健康职业学院 | C2496: =VLOOKUP(B2496,教育部大学名单!$B$1:$D$2920,3,FALSE) -> 江苏省 | D2496: 江苏 | E2496: 南通 | F2496: =IFERROR(VLOOKUP(B2496,'985'!$B$2:$D$40,3,FALSE),"") | G2496: =IFERROR(VLOOKUP(B2496,'211'!$B$2:$D$116,3,FALSE),"") | H2496: =IFERROR(VLOOKUP(B2496,双一流!$B$2:$D$148,3,FALSE),"") | I2496: =IFERROR(VLOOKUP(B2496,汇总!$B$2:$I$2921,8,FALSE),"") | J2496: 专科 | K2496: 公办
A2497: 2496 | B2497: 六安应用科技职业学院 | C2497: =VLOOKUP(B2497,教育部大学名单!$B$1:$D$2920,3,FALSE) -> 安徽省 | D2497: 安徽 | E2497: 六安 | F2497: =IFERROR(VLOOKUP(B2497,'985'!$B$2:$D$40,3,FALSE),"") | G2497: =IFERROR(VLOOKUP(B2497,'211'!$B$2:$D$116,3,FALSE),"") | H2497: =IFERROR(VLOOKUP(B2497,双一流!$B$2:$D$148,3,FALSE),"") | I2497: =IFERROR(VLOOKUP(B2497,汇总!$B$2:$I$2921,8,FALSE),"") | J2497: 专科 | K2497: 公办
A2498: 2497 | B2498: 集美工业职业学院 | C2498: =VLOOKUP(B2498,教育部大学名单!$B$1:$D$2920,3,FALSE) -> 福建省 | D2498: 福建 | E2498: 厦门 | F2498: =IFERROR(VLOOKUP(B2498,'985'!$B$2:$D$40,3,FALSE),"") | G2498: =IFERROR(VLOOKUP(B2498,'211'!$B$2:$D$116,3,FALSE),"") | H2498: =IFERROR(VLOOKUP(B2498,双一流!$B$2:$D$148,3,FALSE),"") | I2498: =IFERROR(VLOOKUP(B2498,汇总!$B$2:$I$2921,8,FALSE),"") | J2498: 专科 | K2498: 公办
A2499: 2498 | B2499: 九江卫生健康职业学院 | C2499: =VLOOKUP(B2499,教育部大学名单!$B$1:$D$2920,3,FALSE) -> 江西省 | D2499: 江西 | E2499: 九江 | F2499: =IFERROR(VLOOKUP(B2499,'985'!$B$2:$D$40,3,FALSE),"") | G2499: =IFERROR(VLOOKUP(B2499,'211'!$B$2:$D$116,3,FALSE),"") | H2499: =IFERROR(VLOOKUP(B2499,双一流!$B$2:$D$148,3,FALSE),"") | I2499: =IFERROR(VLOOKUP(B2499,汇总!$B$2:$I$2921,8,FALSE),"") | J2499: 专科 | K2499: 公办
A2500: 2499 | B2500: 新余职业技术学院 | C2500: =VLOOKUP(B2500,教育部大学名单!$B$1:$D$2920,3,FALSE) -> 江西省 | D2500: 江西 | E2500: 新余 | F2500: =IFERROR(VLOOKUP(B2500,'985'!$B$2:$D$40,3,FALSE),"") | G2500: =IFERROR(VLOOKUP(B2500,'211'!$B$2:$D$116,3,FALSE),"") | H2500: =IFERROR(VLOOKUP(B2500,双一流!$B$2:$D$148,3,FALSE),"") | I2500: =IFERROR(VLOOKUP(B2500,汇总!$B$2:$I$2921,8,FALSE),"") | J2500: 专科 | K2500: 公办
A2501: 2500 | B2501: 聊城科技职业学院 | C2501: =VLOOKUP(B2501,教育部大学名单!$B$1:$D$2920,3,FALSE) -> 山东省 | D2501: 山东 | E2501: 聊城 | F2501: =IFERROR(VLOOKUP(B2501,'985'!$B$2:$D$40,3,FALSE),"") | G2501: =IFERROR(VLOOKUP(B2501,'211'!$B$2:$D$116,3,FALSE),"") | H2501: =IFERROR(VLOOKUP(B2501,双一流!$B$2:$D$148,3,FALSE),"") | I2501: =IFERROR(VLOOKUP(B2501,汇总!$B$2:$I$2921,8,FALSE),"") | J2501: 专科 | K2501: 公办
A2502: 2501 | B2502: 重庆农业职业学院 | C2502: =VLOOKUP(B2502,教育部大学名单!$B$1:$D$2920,3,FALSE) -> 重庆市 | D2502: 重庆 | E2502: 重庆 | F2502: =IFERROR(VLOOKUP(B2502,'985'!$B$2:$D$40,3,FALSE),"") | G2502: =IFERROR(VLOOKUP(B2502,'211'!$B$2:$D$116,3,FALSE),"") | H2502: =IFERROR(VLOOKUP(B2502,双一流!$B$2:$D$148,3,FALSE),"") | I2502: =IFERROR(VLOOKUP(B2502,汇总!$B$2:$I$2921,8,FALSE),"") | J2502: 专科 | K2502: 公办
A2503: 2502 | B2503: 宜宾工业职业技术学院 | C2503: =VLOOKUP(B2503,教育部大学名单!$B$1:$D$2920,3,FALSE) -> 四川省 | D2503: 四川 | E2503: 宜宾 | F2503: =IFERROR(VLOOKUP(B2503,'985'!$B$2:$D$40,3,FALSE),"") | G2503: =IFERROR(VLOOKUP(B2503,'211'!$B$2:$D$116,3,FALSE),"") | H2503: =IFERROR(VLOOKUP(B2503,双一流!$B$2:$D$148,3,FALSE),"") | I2503: =IFERROR(VLOOKUP(B2503,汇总!$B$2:$I$2921,8,FALSE),"") | J2503: 专科 | K2503: 公办
A2504: 2503 | B2504: 宜宾医药健康职业学院 | C2504: =VLOOKUP(B2504,教育部大学名单!$B$1:$D$2920,3,FALSE) -> 四川省 | D2504: 四川 | E2504: 宜宾 | F2504: =IFERROR(VLOOKUP(B2504,'985'!$B$2:$D$40,3,FALSE),"") | G2504: =IFERROR(VLOOKUP(B2504,'211'!$B$2:$D$116,3,FALSE),"") | H2504: =IFERROR(VLOOKUP(B2504,双一流!$B$2:$D$148,3,FALSE),"") | I2504: =IFERROR(VLOOKUP(B2504,汇总!$B$2:$I$2921,8,FALSE),"") | J2504: 专科 | K2504: 公办
... A2918: 2917 | B2918: 郑州亚欧交通职业学院 | C2918: =VLOOKUP(B2918,教育部大学名单!$B$1:$D$2920,3,FALSE) -> 河南省教育厅 | D2918: 河南 | E2918: 郑州 | F2918: =IFERROR(VLOOKUP(B2918,'985'!$B$2:$D$40,3,FALSE),"") | G2918: =IFERROR(VLOOKUP(B2918,'211'!$B$2:$D$116,3,FALSE),"") | H2918: =IFERROR(VLOOKUP(B2918,双一流!$B$2:$D$148,3,FALSE),"") | I2918: =IFERROR(VLOOKUP(B2918,汇总!$B$2:$I$2921,8,FALSE),"") -> 0 | J2918: 专科 | K2918: 中外合作办学

Sheet 教育部大学名单
A1: 序号 | B1: 学校名称 | C1: 学校标识码 | D1: 主管部门 | E1: 所在地 | F1: 办学层次 | G1: 备注
A2: 1 | B2: 北京大学 | C2: 4111010001 | D2: 教育部 | E2: 北京市 | F2: 本科
A3: 2 | B3: 中国人民大学 | C3: 4111010002 | D3: 教育部 | E3: 北京市 | F3: 本科
A4: 3 | B4: 清华大学 | C4: 4111010003 | D4: 教育部 | E4: 北京市 | F4: 本科
A5: 4 | B5: 北京交通大学 | C5: 4111010004 | D5: 教育部 | E5: 北京市 | F5: 本科
A6: 5 | B6: 北京工业大学 | C6: 4111010005 | D6: 北京市 | E6: 北京市 | F6: 本科
A7: 6 | B7: 北京航空航天大学 | C7: 4111010006 | D7: 工业和信息化部 | E7: 北京市 | F7: 本科
A8: 7 | B8: 北京理工大学 | C8: 4111010007 | D8: 工业和信息化部 | E8: 北京市 | F8: 本科
A9: 8 | B9: 北京科技大学 | C9: 4111010008 | D9: 教育部 | E9: 北京市 | F9: 本科
A10: 9 | B10: 北方工业大学 | C10: 4111010009 | D10: 北京市 | E10: 北京市 | F10: 本科
A11: 10 | B11: 北京化工大学 | C11: 4111010010 | D11: 教育部 | E11: 北京市 | F11: 本科
A12: 11 | B12: 北京工商大学 | C12: 4111010011 | D12: 北京市 | E12: 北京市 | F12: 本科
A13: 12 | B13: 北京服装学院 | C13: 4111010012 | D13: 北京市 | E13: 北京市 | F13: 本科
... A56: 55 | B56: 北京联合大学 | C56: 4111011417 | D56: 北京市 | E56: 北京市 | F56: 本科
A57: 56 | B57: 北京城市学院 | C57: 4111011418 | D57: 北京市教委 | E57: 北京市 | F57: 本科 | G57: 民办
A58: 57 | B58: 中国青年政治学院 | C58: 4111011625 | D58: 共青团中央 | E58: 北京市 | F58: 本科
A59: 58 | B59: 首钢工学院 | C59: 4111011831 | D59: 北京市 | E59: 北京市 | F59: 本科
A60: 59 | B60: 中国劳动关系学院 | C60: 4111012453 | D60: 中华全国总工会 | E60: 北京市 | F60: 本科
A61: 60 | B61: 首都师范大学科德学院 | C61: 4111013629 | D61: 北京市教委 | E61: 北京市 | F61: 本科 | G61: 民办
A62: 61 | B62: 北京金融科技学院 | C62: 4111013630 | D62: 北京市教委 | E62: 北京市 | F62: 本科 | G62: 民办
A63: 62 | B63: 北京邮电大学世纪学院 | C63: 4111013901 | D63: 北京市教委 | E63: 北京市 | F63: 本科 | G63: 民办
A64: 63 | B64: 北京工业大学耿丹学院 | C64: 4111013904 | D64: 北京市教委 | E64: 北京市 | F64: 本科 | G64: 民办
A65: 64 | B65: 北京警察学院 | C65: 4111014019 | D65: 北京市 | E65: 北京市 | F65: 本科
A66: 65 | B66: 北京第二外国语学院中瑞酒店管理学院 | C66: 4111014201 | D66: 北京市教委 | E66: 北京市 | F66: 本科 | G66: 民办
A67: 66 | B67: 中国科学院大学 | C67: 4111014430 | D67: 中国科学院 | E67: 北京市 | F67: 本科
A68: 67 | B68: 中国社会科学院大学 | C68: 4111014596 | D68: 中国社会科学院 | E68: 北京市 | F68: 本科
A69: 68 | B69: 民政职业大学 | C69: 4111014139 | D69: 民政部 | E69: 北京市 | F69: 本科
A70: 69 | B70: 北京科技职业大学 | C70: 4111010858 | D70: 北京市 | E70: 北京市 | F70: 本科
A71: 70 | B71: 北京工业职业技术学院 | C71: 4111010853 | D71: 北京市 | E71: 北京市 | F71: 专科
A72: 71 | B72: 北京信息职业技术学院 | C72: 4111010857 | D72: 北京市 | E72: 北京市 | F72: 专科
A73: 72 | B73: 北京京北职业技术学院 | C73: 4111011090 | D73: 北京市 | E73: 北京市 | F73: 专科
A74: 73 | B74: 北京交通职业技术学院 | C74: 4111011092 | D74: 北京市 | E74: 北京市 | F74: 专科
A75: 74 | B75: 北京青年政治学院 | C75: 4111011626 | D75: 北京市 | E75: 北京市 | F75: 专科
A76: 75 | B76: 北京农业职业学院 | C76: 4111012448 | D76: 北京市 | E76: 北京市 | F76: 专科
A77: 76 | B77: 北京政法职业学院 | C77: 4111012451 | D77: 北京市 | E77: 北京市 | F77: 专科
A78: 77 | B78: 北京财贸职业学院 | C78: 4111012561 | D78: 北京市 | E78: 北京市 | F78: 专科
A79: 78 | B79: 北京北大方正软件职业技术学院 | C79: 4111012564 | D79: 北京市教委 | E79: 北京市 | F79: 专科 | G79: 民办
A80: 79 | B80: 北京经贸职业学院 | C80: 4111012565 | D80: 北京市教委 | E80: 北京市 | F80: 专科 | G80: 民办
A81: 80 | B81: 北京经济技术职业学院 | C81: 4111012566 | D81: 北京市教委 | E81: 北京市 | F81: 专科 | G81: 民办
A82: 81 | B82: 北京戏曲艺术职业学院 | C82: 4111012567 | D82: 北京市 | E82: 北京市 | F82: 专科
A83: 82 | B83: 北京汇佳职业学院 | C83: 4111012568 | D83: 北京市教委 | E83: 北京市 | F83: 专科 | G83: 民办
A84: 83 | B84: 北京科技经营管理学院 | C84: 4111012733 | D84: 北京市教委 | E84: 北京市 | F84: 专科 | G84: 民办
A85: 84 | B85: 北京科技职业学院 | C85: 4111013703 | D85: 北京市教委 | E85: 北京市 | F85: 专科 | G85: 民办
A86: 85 | B86: 北京培黎职业学院 | C86: 4111013728 | D86: 北京市教委 | E86: 北京市 | F86: 专科 | G86: 民办
A87: 86 | B87: 北京经济管理职业学院 | C87: 4111014073 | D87: 北京市 | E87: 北京市 | F87: 专科
A88: 87 | B88: 北京劳动保障职业学院 | C88: 4111014075 | D88: 北京市 | E88: 北京市 | F88: 专科
A89: 88 | B89: 北京艺术传媒职业学院 | C89: 4111014140 | D89: 北京市教委 | E89: 北京市 | F89: 专科 | G89: 民办
A90: 89 | B90: 北京体育职业学院 | C90: 4111014215 | D90: 北京市 | E90: 北京市 | F90: 专科
A91: 90 | B91: 北京交通运输职业学院 | C91: 4111014279 | D91: 北京市 | E91: 北京市 | F91: 专科
A92: 91 | B92: 北京卫生职业学院 | C92: 4111014395 | D92: 北京市 | E92: 北京市 | F92: 专科
A93: 92 | B93: 北京网络职业学院 | C93: 4111014588 | D93: 北京市教委 | E93: 北京市 | F93: 专科 | G93: 民办
A94: 93 | B94: 南开大学 | C94: 4112010055 | D94: 教育部 | E94: 天津市 | F94: 本科
A95: 94 | B95: 天津大学 | C95: 4112010056 | D95: 教育部 | E95: 天津市 | F95: 本科
A96: 95 | B96: 天津科技大学 | C96: 4112010057 | D96: 天津市 | E96: 天津市 | F96: 本科
A97: 96 | B97: 天津工业大学 | C97: 4112010058 | D97: 天津市 | E97: 天津市 | F97: 本科
A98: 97 | B98: 中国民航大学 | C98: 4112010059 | D98: 交通运输部（中国民用航空局） | E98: 天津市 | F98: 本科
A99: 98 | B99: 天津理工大学 | C99: 4112010060 | D99: 天津市 | E99: 天津市 | F99: 本科
A100: 99 | B100: 天津农学院 | C100: 4112010061 | D100: 天津市 | E100: 天津市 | F100: 本科
A101: 100 | B101: 天津医科大学 | C101: 4112010062 | D101: 天津市 | E101: 天津市 | F101: 本科
A102: 101 | B102: 天津中医药大学 | C102: 4112010063 | D102: 天津市 | E102: 天津市 | F102: 本科
A103: 102 | B103: 天津师范大学 | C103: 4112010065 | D103: 天津市 | E103: 天津市 | F103: 本科
A104: 103 | B104: 天津职业技术师范大学 | C104: 4112010066 | D104: 天津市 | E104: 天津市 | F104: 本科
A105: 104 | B105: 天津外国语大学 | C105: 4112010068 | D105: 天津市 | E105: 天津市 | F105: 本科
... A111: 110 | B111: 天津城建大学 | C111: 4112010792 | D111: 天津市 | E111: 天津市 | F111: 本科
A112: 111 | B112: 天津天狮学院 | C112: 4112010859 | D112: 天津市教委 | E112: 天津市 | F112: 本科 | G112: 民办
A113: 112 | B113: 天津中德应用技术大学 | C113: 4112012105 | D113: 天津市 | E113: 天津市 | F113: 本科
A114: 113 | B114: 天津外国语大学滨海外事学院 | C114: 4112013658 | D114: 天津市教委 | E114: 天津市 | F114: 本科 | G114: 民办
A115: 114 | B115: 天津传媒学院 | C115: 4112013659 | D115: 天津市教委 | E115: 天津市 | F115: 本科 | G115: 民办
A116: 115 | B116: 天津商业大学宝德学院 | C116: 4112013660 | D116: 天津市教委 | E116: 天津市 | F116: 本科 | G116: 民办
A117: 116 | B117: 天津医科大学临床医学院 | C117: 4112013661 | D117: 天津市教委 | E117: 天津市 | F117: 本科 | G117: 民办
A118: 117 | B118: 南开大学滨海学院 | C118: 4112013663 | D118: 天津市教委 | E118: 天津市 | F118: 本科 | G118: 民办
A119: 118 | B119: 天津师范大学津沽学院 | C119: 4112013896 | D119: 天津市教委 | E119: 天津市 | F119: 本科 | G119: 民办
A120: 119 | B120: 天津理工大学中环信息学院 | C120: 4112013897 | D120: 天津市教委 | E120: 天津市 | F120: 本科 | G120: 民办
A121: 120 | B121: 北京科技大学天津学院 | C121: 4112013898 | D121: 天津市教委 | E121: 天津市 | F121: 本科 | G121: 民办
A122: 121 | B122: 天津仁爱学院 | C122: 4112014038 | D122: 天津市教委 | E122: 天津市 | F122: 本科 | G122: 民办
A123: 122 | B123: 天津财经大学珠江学院 | C123: 4112014087 | D123: 天津市教委 | E123: 天津市 | F123: 本科 | G123: 民办
A124: 123 | B124: 天津警察学院 | C124: 4112012723 | D124: 天津市 | E124: 天津市 | F124: 本科
A125: 124 | B125: 天津市职业大学 | C125: 4112011032 | D125: 天津市 | E125: 天津市 | F125: 专科
A126: 125 | B126: 天津滨海职业学院 | C126: 4112012484 | D126: 天津市 | E126: 天津市 | F126: 专科
A127: 126 | B127: 天津工程职业技术学院 | C127: 4112012487 | D127: 天津市 | E127: 天津市 | F127: 专科
A128: 127 | B128: 天津渤海职业技术学院 | C128: 4112012719 | D128: 天津市 | E128: 天津市 | F128: 专科
A129: 128 | B129: 天津电子信息职业技术学院 | C129: 4112012720 | D129: 天津市 | E129: 天津市 | F129: 专科
A130: 129 | B130: 天津机电职业技术学院 | C130: 4112012721 | D130: 天津市 | E130: 天津市 | F130: 专科
A131: 130 | B131: 天津现代职业技术学院 | C131: 4112012722 | D131: 天津市 | E131: 天津市 | F131: 专科
A132: 131 | B132: 天津轻工职业技术学院 | C132: 4112012732 | D132: 天津市 | E132: 天津市 | F132: 专科
A133: 132 | B133: 天津商务职业学院 | C133: 4112012788 | D133: 天津市 | E133: 天津市 | F133: 专科
A134: 133 | B134: 天津国土资源和房屋职业学院 | C134: 4112012803 | D134: 天津市 | E134: 天津市 | F134: 专科
A135: 134 | B135: 天津医学高等专科学校 | C135: 4112012880 | D135: 天津市 | E135: 天津市 | F135: 专科
... A148: 147 | B148: 天津体育职业学院 | C148: 4112014599 | D148: 天津市 | E148: 天津市 | F148: 专科
A149: 148 | B149: 天津滨海汽车工程职业学院 | C149: 4112014600 | D149: 天津市教委 | E149: 天津市 | F149: 专科 | G149: 民办
A150: 149 | B150: 河北大学 | C150: 4113010075 | D150: 河北省 | E150: 保定市 | F150: 本科
A151: 150 | B151: 河北工程大学 | C151: 4113010076 | D151: 河北省 | E151: 邯郸市 | F151: 本科
A152: 151 | B152: 河北地质大学 | C152: 4113010077 | D152: 河北省 | E152: 石家庄市 | F152: 本科
A153: 152 | B153: 河北工业大学 | C153: 4113010080 | D153: 河北省 | E153: 天津市 | F153: 本科
A154: 153 | B154: 华北理工大学 | C154: 4113010081 | D154: 河北省 | E154: 唐山市 | F154: 本科
A155: 154 | B155: 河北科技大学 | C155: 4113010082 | D155: 河北省 | E155: 石家庄市 | F155: 本科
A156: 155 | B156: 河北建筑工程学院 | C156: 4113010084 | D156: 河北省 | E156: 张家口市 | F156: 本科
A157: 156 | B157: 河北水利电力学院 | C157: 4113010085 | D157: 河北省 | E157: 沧州市 | F157: 本科
A158: 157 | B158: 河北农业大学 | C158: 4113010086 | D158: 河北省 | E158: 保定市 | F158: 本科
A159: 158 | B159: 河北医科大学 | C159: 4113010089 | D159: 河北省 | E159: 石家庄市 | F159: 本科
...

Sheet 汇总
A1: 序号 | B1: 学校名称 | C1: 主管部门 | D1: 省份 | E1: 城市 | F1: 985 | G1: 211 | H1: 双一流 | I1: 类型 | J1: 层次 | K1: 性质
A2: 1 | B2: 北京大学 | C2: 教育部 | D2: 北京 | E2: 北京 | F2: 985 | G2: 211 | H2: 双一流 | I2: 综合 | J2: 本科 | K2: 公办
A3: 2 | B3: 中国人民大学 | C3: 教育部 | D3: 北京 | E3: 北京 | F3: 985 | G3: 211 | H3: 双一流 | I3: 综合 | J3: 本科 | K3: 公办
A4: 3 | B4: 清华大学 | C4: 教育部 | D4: 北京 | E4: 北京 | F4: 985 | G4: 211 | H4: 双一流 | I4: 综合 | J4: 本科 | K4: 公办
A5: 4 | B5: 北京交通大学 | C5: 教育部 | D5: 北京 | E5: 北京 | G5: 211 | H5: 双一流 | I5: 理工 | J5: 本科 | K5: 公办
A6: 5 | B6: 北京工业大学 | C6: 北京市 | D6: 北京 | E6: 北京 | G6: 211 | H6: 双一流 | I6: 理工 | J6: 本科 | K6: 公办
A7: 6 | B7: 北京航空航天大学 | C7: 工业和信息化部 | D7: 北京 | E7: 北京 | F7: 985 | G7: 211 | H7: 双一流 | I7: 理工 | J7: 本科 | K7: 公办
A8: 7 | B8: 北京理工大学 | C8: 工业和信息化部 | D8: 北京 | E8: 北京 | F8: 985 | G8: 211 | H8: 双一流 | I8: 理工 | J8: 本科 | K8: 公办
A9: 8 | B9: 北京科技大学 | C9: 教育部 | D9: 北京 | E9: 北京 | G9: 211 | H9: 双一流 | I9: 理工 | J9: 本科 | K9: 公办
A10: 9 | B10: 北方工业大学 | C10: 北京市 | D10: 北京 | E10: 北京 | I10: 理工 | J10: 本科 | K10: 公办
A11: 10 | B11: 北京化工大学 | C11: 教育部 | D11: 北京 | E11: 北京 | G11: 211 | H11: 双一流 | I11: 理工 | J11: 本科 | K11: 公办
A12: 11 | B12: 北京工商大学 | C12: 北京市 | D12: 北京 | E12: 北京 | I12: 财经 | J12: 本科 | K12: 公办
A13: 12 | B13: 北京服装学院 | C13: 北京市 | D13: 北京 | E13: 北京 | I13: 艺术 | J13: 本科 | K13: 公办
A14: 13 | B14: 北京邮电大学 | C14: 教育部 | D14: 北京 | E14: 北京 | G14: 211 | H14: 双一流 | I14: 理工 | J14: 本科 | K14: 公办
A15: 14 | B15: 北京印刷学院 | C15: 北京市 | D15: 北京 | E15: 北京 | I15: 理工 | J15: 本科 | K15: 公办
A16: 15 | B16: 北京建筑大学 | C16: 北京市 | D16: 北京 | E16: 北京 | I16: 理工 | J16: 本科 | K16: 公办
A17: 16 | B17: 北京石油化工学院 | C17: 北京市 | D17: 北京 | E17: 北京 | J17: 本科 | K17: 公办
A18: 17 | B18: 北京电子科技学院 | C18: 中央办公厅 | D18: 北京 | E18: 北京 | I18: 理工 | J18: 本科 | K18: 公办
A19: 18 | B19: 中国农业大学 | C19: 教育部 | D19: 北京 | E19: 北京 | F19: 985 | G19: 211 | H19: 双一流 | I19: 农林 | J19: 本科 | K19: 公办
A20: 19 | B20: 北京农学院 | C20: 北京市 | D20: 北京 | E20: 北京 | J20: 本科 | K20: 公办
A21: 20 | B21: 北京林业大学 | C21: 教育部 | D21: 北京 | E21: 北京 | G21: 211 | H21: 双一流 | I21: 农林 | J21: 本科 | K21: 公办
A22: 21 | B22: 北京协和医学院 | C22: 国家卫生健康委员会 | D22: 北京 | E22: 北京 | H22: 是 | I22: 医药 | J22: 本科 | K22: 公办
A23: 22 | B23: 首都医科大学 | C23: 北京市 | D23: 北京 | E23: 北京 | I23: 医药 | J23: 本科 | K23: 公办
A24: 23 | B24: 北京中医药大学 | C24: 教育部 | D24: 北京 | E24: 北京 | G24: 211 | H24: 双一流 | I24: 医药 | J24: 本科 | K24: 公办
A25: 24 | B25: 北京师范大学 | C25: 教育部 | D25: 北京 | E25: 北京 | F25: 985 | G25: 211 | H25: 双一流 | I25: 师范 | J25: 本科 | K25: 公办
A26: 25 | B26: 首都师范大学 | C26: 北京市 | D26: 北京 | E26: 北京 | H26: 是 | I26: 师范 | J26: 本科 | K26: 公办
A27: 26 | B27: 首都体育学院 | C27: 北京市 | D27: 北京 | E27: 北京 | I27: 体育 | J27: 本科 | K27: 公办
A28: 27 | B28: 北京外国语大学 | C28: 教育部 | D28: 北京 | E28: 北京 | G28: 211 | H28: 双一流 | I28: 语言 | J28: 本科 | K28: 公办
A29: 28 | B29: 北京第二外国语学院 | C29: 北京市 | D29: 北京 | E29: 北京 | I29: 语言 | J29: 本科 | K29: 公办
A30: 29 | B30: 北京语言大学 | C30: 教育部 | D30: 北京 | E30: 北京 | I30: 语言 | J30: 本科 | K30: 公办
A31: 30 | B31: 中国传媒大学 | C31: 教育部 | D31: 北京 | E31: 北京 | G31: 211 | H31: 双一流 | I31: 综合 | J31: 本科 | K31: 公办
A32: 31 | B32: 中央财经大学 | C32: 教育部 | D32: 北京 | E32: 北京 | G32: 211 | H32: 双一流 | I32: 财经 | J32: 本科 | K32: 公办
A33: 32 | B33: 对外经济贸易大学 | C33: 教育部 | D33: 北京 | E33: 北京 | G33: 211 | H33: 双一流 | I33: 财经 | J33: 本科 | K33: 公办
A34: 33 | B34: 北京物资学院 | C34: 北京市 | D34: 北京 | E34: 北京 | I34: 财经 | J34: 本科 | K34: 公办
A35: 34 | B35: 首都经济贸易大学 | C35: 北京市 | D35: 北京 | E35: 北京 | I35: 财经 | J35: 本科 | K35: 公办
A36: 35 | B36: 中国消防救援学院 | C36: 应急管理部 | D36: 北京 | E36: 北京 | J36: 本科 | K36: 公办
A37: 36 | B37: 外交学院 | C37: 外交部 | D37: 北京 | E37: 北京 | H37: 是 | I37: 语言 | J37: 本科 | K37: 公办
A38: 37 | B38: 中国人民公安大学 | C38: 公安部 | D38: 北京 | E38: 北京 | H38: 是 | I38: 政法 | J38: 本科 | K38: 公办
A39: 38 | B39: 国际关系学院 | C39: 教育部 | D39: 北京 | E39: 北京 | I39: 政法 | J39: 本科 | K39: 公办
A40: 39 | B40: 北京体育大学 | C40: 国家体育总局 | D40: 北京 | E40: 北京 | G40: 211 | H40: 双一流 | I40: 体育 | J40: 本科 | K40: 公办
A41: 40 | B41: 中央音乐学院 | C41: 教育部 | D41: 北京 | E41: 北京 | G41: 211 | H41: 双一流 | I41: 艺术 | J41: 本科 | K41: 公办
A42: 41 | B42: 中国音乐学院 | C42: 北京市 | D42: 北京 | E42: 北京 | H42: 是 | I42: 艺术 | J42: 本科 | K42: 公办
A43: 42 | B43: 中央美术学院 | C43: 教育部 | D43: 北京 | E43: 北京 | H43: 是 | I43: 艺术 | J43: 本科 | K43: 公办
A44: 43 | B44: 中央戏剧学院 | C44: 教育部 | D44: 北京 | E44: 北京 | H44: 是 | I44: 艺术 | J44: 本科 | K44: 公办
A45: 44 | B45: 中国戏曲学院 | C45: 北京市 | D45: 北京 | E45: 北京 | I45: 艺术 | J45: 本科 | K45: 公办
A46: 45 | B46: 北京电影学院 | C46: 北京市 | D46: 北京 | E46: 北京 | I46: 艺术 | J46: 本科 | K46: 公办
A47: 46 | B47: 北京舞蹈学院 | C47: 北京市 | D47: 北京 | E47: 北京 | J47: 本科 | K47: 公办
A48: 47 | B48: 中央民族大学 | C48: 国家民委 | D48: 北京 | E48: 北京 | F48: 985 | G48: 211 | H48: 双一流 | I48: 民族 | J48: 本科 | K48: 公办
A49: 48 | B49: 中国政法大学 | C49: 教育部 | D49: 北京 | E49: 北京 | G49: 211 | H49: 双一流 | I49: 政法 | J49: 本科 | K49: 公办
A50: 49 | B50: 华北电力大学 | C50: 教育部 | D50: 北京 | E50: 北京 | G50: 211 | H50: 双一流 | I50: 理工 | J50: 本科 | K50: 公办
A51: 50 | B51: 中华女子学院 | C51: 中华妇女联合会 | D51: 北京 | E51: 北京 | J51: 本科 | K51: 公办
A52: 51 | B52: 北京信息科技大学 | C52: 北京市 | D52: 北京 | E52: 北京 | I52: 理工 | J52: 本科 | K52: 公办
A53: 52 | B53: 中国矿业大学（北京） | C53: 教育部 | D53: 北京 | E53: 北京 | G53: 211 | H53: 双一流 | I53: 理工 | J53: 本科 | K53: 公办
A54: 53 | B54: 中国石油大学（北京） | C54: 教育部 | D54: 北京 | E54: 北京 | G54: 211 | H54: 双一流 | I54: 理工 | J54: 本科 | K54: 公办
A55: 54 | B55: 中国地质大学（北京） | C55: 教育部 | D55: 北京 | E55: 北京 | G55: 211 | H55: 双一流 | I55: 理工 | J55: 本科 | K55: 公办
A56: 55 | B56: 北京联合大学 | C56: 北京市 | D56: 北京 | E56: 北京 | I56: 综合 | J56: 本科 | K56: 公办
A57: 56 | B57: 中国青年政治学院 | C57: 共青团中央 | D57: 北京 | E57: 北京 | J57: 本科 | K57: 公办
A58: 57 | B58: 首钢工学院 | C58: 北京市 | D58: 北京 | E58: 北京 | J58: 本科 | K58: 公办
A59: 58 | B59: 中国劳动关系学院 | C59: 中华全国总工会 | D59: 北京 | E59: 北京 | J59: 本科 | K59: 公办
A60: 59 | B60: 北京警察学院 | C60: 北京市 | D60: 北京 | E60: 北京 | J60: 本科 | K60: 公办
A61: 60 | B61: 中国科学院大学 | C61: 中国科学院 | D61: 北京 | E61: 北京 | H61: 是 | I61: 理工 | J61: 本科 | K61: 公办
A62: 61 | B62: 中国社会科学院大学 | C62: 中国社会科学院 | D62: 北京 | E62: 北京 | I62: 综合 | J62: 本科 | K62: 公办
A63: 62 | B63: 民政职业大学 | C63: 民政部 | D63: 北京 | E63: 北京 | J63: 本科 | K63: 公办
A64: 63 | B64: 南开大学 | C64: 教育部 | D64: 天津 | E64: 天津 | F64: 985 | G64: 211 | H64: 双一流 | I64: 综合 | J64: 本科 | K64: 公办
A65: 64 | B65: 天津大学 | C65: 教育部 | D65: 天津 | E65: 天津 | F65: 985 | G65: 211 | H65: 双一流 | I65: 理工 | J65: 本科 | K65: 公办
A66: 65 | B66: 天津科技大学 | C66: 天津市 | D66: 天津 | E66: 天津 | I66: 理工 | J66: 本科 | K66: 公办
A67: 66 | B67: 天津工业大学 | C67: 天津市 | D67: 天津 | E67: 天津 | H67: 是 | I67: 理工 | J67: 本科 | K67: 公办
A68: 67 | B68: 中国民航大学 | C68: 交通运输部（中国民用航空局） | D68: 天津 | E68: 天津 | I68: 理工 | J68: 本科 | K68: 公办
A69: 68 | B69: 天津理工大学 | C69: 天津市 | D69: 天津 | E69: 天津 | I69: 理工 | J69: 本科 | K69: 公办
A70: 69 | B70: 天津农学院 | C70: 天津市 | D70: 天津 | E70: 天津 | J70: 本科 | K70: 公办
A71: 70 | B71: 天津医科大学 | C71: 天津市 | D71: 天津 | E71: 天津 | G71: 211 | H71: 双一流 | I71: 医药 | J71: 本科 | K71: 公办
A72: 71 | B72: 天津中医药大学 | C72: 天津市 | D72: 天津 | E72: 天津 | H72: 是 | I72: 医药 | J72: 本科 | K72: 公办
A73: 72 | B73: 天津师范大学 | C73: 天津市 | D73: 天津 | E73: 天津 | I73: 师范 | J73: 本科 | K73: 公办
A74: 73 | B74: 天津职业技术师范大学 | C74: 天津市 | D74: 天津 | E74: 天津 | J74: 本科 | K74: 公办
A75: 74 | B75: 天津外国语大学 | C75: 天津市 | D75: 天津 | E75: 天津 | I75: 语言 | J75: 本科 | K75: 公办
A76: 75 | B76: 天津商业大学 | C76: 天津市 | D76: 天津 | E76: 天津 | J76: 本科 | K76: 公办
A77: 76 | B77: 天津财经大学 | C77: 天津市 | D77: 天津 | E77: 天津 | I77: 财经 | J77: 本科 | K77: 公办
A78: 77 | B78: 天津体育学院 | C78: 天津市 | D78: 天津 | E78: 天津 | I78: 体育 | J78: 本科 | K78: 公办
A79: 78 | B79: 天津音乐学院 | C79: 天津市 | D79: 天津 | E79: 天津 | J79: 本科 | K79: 公办
A80: 79 | B80: 天津美术学院 | C80: 天津市 | D80: 天津 | E80: 天津 | J80: 本科 | K80: 公办
A81: 80 | B81: 天津城建大学 | C81: 天津市 | D81: 天津 | E81: 天津 | J81: 本科 | K81: 公办
A82: 81 | B82: 天津中德应用技术大学 | C82: 天津市 | D82: 天津 | E82: 天津 | J82: 本科 | K82: 公办
A83: 82 | B83: 河北大学 | C83: 河北省 | D83: 河北 | E83: 保定 | I83: 综合 | J83: 本科 | K83: 公办
A84: 83 | B84: 河北工程大学 | C84: 河北省 | D84: 河北 | E84: 邯郸 | I84: 理工 | J84: 本科 | K84: 公办
A85: 84 | B85: 河北地质大学 | C85: 河北省 | D85: 河北 | E85: 石家庄 | J85: 本科 | K85: 公办
A86: 85 | B86: 河北工业大学 | C86: 河北省 | D86: 河北 | E86: 天津 | G86: 211 | H86: 双一流 | I86: 理工 | J86: 本科 | K86: 公办
A87: 86 | B87: 华北理工大学 | C87: 河北省 | D87: 河北 | E87: 唐山 | I87: 综合 | J87: 本科 | K87: 公办
A88: 87 | B88: 河北科技大学 | C88: 河北省 | D88: 河北 | E88: 石家庄 | I88: 理工 | J88: 本科 | K88: 公办
A89: 88 | B89: 河北建筑工程学院 | C89: 河北省 | D89: 河北 | E89: 张家口 | J89: 本科 | K89: 公办
A90: 89 | B90: 河北水利电力学院 | C90: 河北省 | D90: 河北 | E90: 沧州 | J90: 本科 | K90: 公办
A91: 90 | B91: 河北农业大学 | C91: 河北省 | D91: 河北 | E91: 保定 | I91: 农林 | J91: 本科 | K91: 公办
A92: 91 | B92: 河北医科大学 | C92: 河北省 | D92: 河北 | E92: 石家庄 | I92: 医药 | J92: 本科 | K92: 公办
A93: 92 | B93: 河北北方学院 | C93: 河北省 | D93: 河北 | E93: 张家口 | J93: 本科 | K93: 公办
A94: 93 | B94: 承德医学院 | C94: 河北省 | D94: 河北 | E94: 承德 | J94: 本科 | K94: 公办
A95: 94 | B95: 河北师范大学 | C95: 河北省 | D95: 河北 | E95: 石家庄 | I95: 师范 | J95: 本科 | K95: 公办
A96: 95 | B96: 保定学院 | C96: 河北省 | D96: 河北 | E96: 保定 | J96: 本科 | K96: 公办
A97: 96 | B97: 河北民族师范学院 | C97: 河北省 | D97: 河北 | E97: 承德 | J97: 本科 | K97: 公办
A98: 97 | B98: 唐山师范学院 | C98: 河北省 | D98: 河北 | E98: 唐山 | J98: 本科 | K98: 公办
A99: 98 | B99: 廊坊师范学院 | C99: 河北省 | D99: 河北 | E99: 廊坊 | J99: 本科 | K99: 公办
A100: 99 | B100: 衡水学院 | C100: 河北省 | D100: 河北 | E100: 衡水 | J100: 本科 | K100: 公办
...

Sheet 本科
A1: 序号 | B1: 学校名称 | C1: 省份 | D1: 城市 | E1: 层次 | F1: 备注
A2: 1 | B2: 北京大学 | C2: 北京 | D2: 北京 | E2: 本科 | F2: 公办
A3: 2 | B3: 中国人民大学 | C3: 北京 | D3: 北京 | E3: 本科 | F3: 公办
A4: 3 | B4: 清华大学 | C4: 北京 | D4: 北京 | E4: 本科 | F4: 公办
A5: 4 | B5: 北京交通大学 | C5: 北京 | D5: 北京 | E5: 本科 | F5: 公办
A6: 5 | B6: 北京工业大学 | C6: 北京 | D6: 北京 | E6: 本科 | F6: 公办
A7: 6 | B7: 北京航空航天大学 | C7: 北京 | D7: 北京 | E7: 本科 | F7: 公办
A8: 7 | B8: 北京理工大学 | C8: 北京 | D8: 北京 | E8: 本科 | F8: 公办
A9: 8 | B9: 北京科技大学 | C9: 北京 | D9: 北京 | E9: 本科 | F9: 公办
A10: 9 | B10: 北方工业大学 | C10: 北京 | D10: 北京 | E10: 本科 | F10: 公办
A11: 10 | B11: 北京化工大学 | C11: 北京 | D11: 北京 | E11: 本科 | F11: 公办
A12: 11 | B12: 北京工商大学 | C12: 北京 | D12: 北京 | E12: 本科 | F12: 公办
A13: 12 | B13: 北京服装学院 | C13: 北京 | D13: 北京 | E13: 本科 | F13: 公办
... A2491: 2490 | B2491: 双河职业技术学院 | C2491: 新疆 | D2491: 双河 | E2491: 专科 | F2491: 公办
A2492: 2491 | B2492: 江西电子信息职业技术学院 | C2492: 江西 | E2492: 专科 | F2492: 公办
A2493: 2492 | B2493: 四平现代职业学院 | C2493: 吉林 | D2493: 四平 | E2493: 专科 | F2493: 公办
A2494: 2493 | B2494: 常州铁道职业技术学院 | C2494: 江苏 | D2494: 常州 | E2494: 专科 | F2494: 公办
A2495: 2494 | B2495: 苏州旅游职业学院 | C2495: 江苏 | D2495: 苏州 | E2495: 专科 | F2495: 公办
A2496: 2495 | B2496: 南通卫生健康职业学院 | C2496: 江苏 | D2496: 南通 | E2496: 专科 | F2496: 公办
A2497: 2496 | B2497: 六安应用科技职业学院 | C2497: 安徽 | D2497: 六安 | E2497: 专科 | F2497: 公办
A2498: 2497 | B2498: 集美工业职业学院 | C2498: 福建 | D2498: 厦门 | E2498: 专科 | F2498: 公办
A2499: 2498 | B2499: 九江卫生健康职业学院 | C2499: 江西 | D2499: 九江 | E2499: 专科 | F2499: 公办
A2500: 2499 | B2500: 新余职业技术学院 | C2500: 江西 | D2500: 新余 | E2500: 专科 | F2500: 公办
A2501: 2500 | B2501: 聊城科技职业学院 | C2501: 山东 | D2501: 聊城 | E2501: 专科 | F2501: 公办
A2502: 2501 | B2502: 重庆农业职业学院 | C2502: 重庆 | D2502: 重庆 | E2502: 专科 | F2502: 公办
A2503: 2502 | B2503: 宜宾工业职业技术学院 | C2503: 四川 | D2503: 宜宾 | E2503: 专科 | F2503: 公办
A2504: 2503 | B2504: 宜宾医药健康职业学院 | C2504: 四川 | D2504: 宜宾 | E2504: 专科 | F2504: 公办
... A2918: 2917 | B2918: 郑州亚欧交通职业学院 | C2918: 河南 | D2918: 郑州 | E2918: 专科 | F2918: 中外合作办学

Sheet 专科
A1: 序号 | B1: 学校名称 | C1: 省份 | D1: 城市 | E1: 层次 | F1: 备注
A2: 1 | B2: 北京工业职业技术学院 | C2: 北京 | D2: 北京 | E2: 专科 | F2: 公办
A3: 2 | B3: 北京信息职业技术学院 | C3: 北京 | D3: 北京 | E3: 专科 | F3: 公办
A4: 3 | B4: 北京京北职业技术学院 | C4: 北京 | D4: 北京 | E4: 专科 | F4: 公办
A5: 4 | B5: 北京交通职业技术学院 | C5: 北京 | D5: 北京 | E5: 专科 | F5: 公办
A6: 5 | B6: 北京青年政治学院 | C6: 北京 | D6: 北京 | E6: 专科 | F6: 公办
A7: 6 | B7: 北京农业职业学院 | C7: 北京 | D7: 北京 | E7: 专科 | F7: 公办
A8: 7 | B8: 北京政法职业学院 | C8: 北京 | D8: 北京 | E8: 专科 | F8: 公办
A9: 8 | B9: 北京财贸职业学院 | C9: 北京 | D9: 北京 | E9: 专科 | F9: 公办
A10: 9 | B10: 北京戏曲艺术职业学院 | C10: 北京 | D10: 北京 | E10: 专科 | F10: 公办
A11: 10 | B11: 北京经济管理职业学院 | C11: 北京 | D11: 北京 | E11: 专科 | F11: 公办
A12: 11 | B12: 北京劳动保障职业学院 | C12: 北京 | D12: 北京 | E12: 专科 | F12: 公办
A13: 12 | B13: 北京体育职业学院 | C13: 北京 | D13: 北京 | E13: 专科 | F13: 公办
... A1112: 1111 | B1112: 双河职业技术学院 | C1112: 新疆 | D1112: 双河 | E1112: 专科 | F1112: 公办
A1113: 1112 | B1113: 江西电子信息职业技术学院 | C1113: 江西 | E1113: 专科 | F1113: 公办
A1114: 1113 | B1114: 四平现代职业学院 | C1114: 吉林 | D1114: 四平 | E1114: 专科 | F1114: 公办
A1115: 1114 | B1115: 常州铁道职业技术学院 | C1115: 江苏 | D1115: 常州 | E1115: 专科 | F1115: 公办
A1116: 1115 | B1116: 苏州旅游职业学院 | C1116: 江苏 | D1116: 苏州 | E1116: 专科 | F1116: 公办
A1117: 1116 | B1117: 南通卫生健康职业学院 | C1117: 江苏 | D1117: 南通 | E1117: 专科 | F1117: 公办
A1118: 1117 | B1118: 六安应用科技职业学院 | C1118: 安徽 | D1118: 六安 | E1118: 专科 | F1118: 公办
A1119: 1118 | B1119: 集美工业职业学院 | C1119: 福建 | D1119: 厦门 | E1119: 专科 | F1119: 公办
A1120: 1119 | B1120: 九江卫生健康职业学院 | C1120: 江西 | D1120: 九江 | E1120: 专科 | F1120: 公办
A1121: 1120 | B1121: 新余职业技术学院 | C1121: 江西 | D1121: 新余 | E1121: 专科 | F1121: 公办
A1122: 1121 | B1122: 聊城科技职业学院 | C1122: 山东 | D1122: 聊城 | E1122: 专科 | F1122: 公办
A1123: 1122 | B1123: 重庆农业职业学院 | C1123: 重庆 | D1123: 重庆 | E1123: 专科 | F1123: 公办
A1124: 1123 | B1124: 宜宾工业职业技术学院 | C1124: 四川 | D1124: 宜宾 | E1124: 专科 | F1124: 公办
A1125: 1124 | B1125: 宜宾医药健康职业学院 | C1125: 四川 | D1125: 宜宾 | E1125: 专科 | F1125: 公办
... A1539: 1538 | B1539: 郑州亚欧交通职业学院 | C1539: 河南 | D1539: 郑州 | E1539: 专科 | F1539: 中外合作办学

Sheet 985
A1: 排名 | B1: 名称 | C1: 所在地 | D1: 985
A2: 1 | B2: 清华大学 | C2: 北京 | D2: 985
A3: 2 | B3: 北京大学 | C3: 北京 | D3: 985
A4: 3 | B4: 中国科学技术大学 | C4: 安徽 | D4: 985
A5: 4 | B5: 复旦大学 | C5: 上海 | D5: 985
A6: 5 | B6: 中国人民大学 | C6: 北京 | D6: 985
A7: 6 | B7: 上海交通大学 | C7: 上海 | D7: 985
A8: 7 | B8: 南京大学 | C8: 江苏 | D8: 985
A9: 8 | B9: 同济大学 | C9: 上海 | D9: 985
A10: 9 | B10: 浙江大学 | C10: 浙江 | D10: 985
A11: 10 | B11: 南开大学 | C11: 天津 | D11: 985
A12: 11 | B12: 北京航空航天大学 | C12: 北京 | D12: 985
A13: 12 | B13: 北京师范大学 | C13: 北京 | D13: 985
... A39: 38 | B39: 西北农林科技大学 | C39: 陕西 | D39: 985
A40: 暂无 | B40: 国防科技大学 | C40: 湖南 | D40: 985

Sheet 211
A1: 序号 | B1: 名称 | C1: 所在地 | D1: 211
A2: 1 | B2: 中国科学技术大学 | C2: 安徽 | D2: 211
A3: 2 | B3: 合肥工业大学 | C3: 安徽 | D3: 211
A4: 3 | B4: 安徽大学 | C4: 安徽 | D4: 211
A5: 4 | B5: 清华大学 | C5: 北京 | D5: 211
A6: 5 | B6: 北京大学 | C6: 北京 | D6: 211
A7: 6 | B7: 中国人民大学 | C7: 北京 | D7: 211
A8: 7 | B8: 北京航空航天大学 | C8: 北京 | D8: 211
A9: 8 | B9: 中央财经大学 | C9: 北京 | D9: 211
A10: 9 | B10: 北京师范大学 | C10: 北京 | D10: 211
A11: 10 | B11: 对外经济贸易大学 | C11: 北京 | D11: 211
A12: 11 | B12: 北京理工大学 | C12: 北京 | D12: 211
A13: 12 | B13: 北京外国语大学 | C13: 北京 | D13: 211
... A116: 115 | B116: 西南大学 | C116: 重庆 | D116: 211

Sheet 双一流
A1: 序号 | B1: 学校名称 | C1: 3232 | D1: 双一流
A2: 1 | B2: 北京大学 | D2: 双一流
A3: 2 | B3: 中国人民大学 | D3: 双一流
A4: 3 | B4: 清华大学 | D4: 双一流
A5: 4 | B5: 北京交通大学 | D5: 双一流
A6: 5 | B6: 北京工业大学 | D6: 双一流
A7: 6 | B7: 北京航空航天大学 | D7: 双一流
A8: 7 | B8: 北京理工大学 | D8: 双一流
A9: 8 | B9: 北京科技大学 | D9: 双一流
A10: 9 | B10: 北京化工大学 | D10: 双一流
A11: 10 | B11: 北京邮电大学 | D11: 双一流
A12: 11 | B12: 中国农业大学 | D12: 双一流
A13: 12 | B13: 北京林业大学 | D13: 双一流
... A148: 147 | B148: 空军军医大学 | D148: 双一流

Sheet 公式
A1: 汇总
A2: 序号 | B2: 学校名称 | C2: 主管部门 | D2: 省份 | E2: 城市 | F2: 985 | G2: 211 | H2: 双一流 | I2: 类型 | J2: 层次 | K2: 性质
A3: 1 | B3: 北京大学 | C3: {=VLOOKUP(寻找的值,所在的表,2,0)} -> #NAME? | D3: {=VLOOKUP(寻找的值,所在的表,3,0)} -> #NAME? | E3: =VLOOKUP(寻找的值,所在的表,4,0) -> #NAME? | F3: {=VLOOKUP(寻找的值,所在的表,5,0)} -> #NAME? | G3: {=VLOOKUP(寻找的值,所在的表,6,0)} -> #NAME? | H3: {=VLOOKUP(寻找的值,所在的表,7,0)} -> #NAME? | I3: {=VLOOKUP(寻找的值,所在的表,8,0)} -> #NAME? | J3: {=VLOOKUP(寻找的值,所在的表,9,0)} -> #NAME? | K3: {=VLOOKUP(寻找的值,所在的表,10,0)} -> #NAME?
B5: 学校名称 | C5: 专业组 | D5: 选科
A6: 获取左边 | B6: 陆军工程大学06专业组(不限) | C6: =LEFT(B6,FIND("(",B6)-1) -> 陆军工程大学06专业组 | D6: =MID(B6,FIND("(",B6),LEN(B6)-FIND("(",B6)+1) -> (不限)
